Sheet	Item	Unit
Freezer	Fries	Case
Freezer	Beef Patty	Case
Freezer	Slider Patty	Case
Freezer	Chicken Fillets	Case
Freezer	Hashbrowns	Case
Freezer	Onion Rings	Case
Chiller	Shredded Cheese	Case
Chiller	Cheese Slices	Case
Chiller	Bacon	Case
Chiller	Shredded Lettuce	Case
Chiller	Tomatoes	Case
Chiller	Semi-Skimmed Milk Bottles	Case
Chiller	Fresh Eggs	Case
Chiller	Butter Portions	Case
Chiller	Salted Butter Block	Case
Chiller	Fruit Pots	Case
Chiller	Chives	Case
Dry Store	Burger Buns	Case
Dry Store	Wraps	Case
Dry Store	Fine Table Salt	Case
Dry Store	Ketchup Packets	Case
Dry Store	Mayonnaise Sachets	Case
Dry Store	Cola Syrup	Case
Dry Store	Frying Oil	Case
Dry Store	Coffee Beans	Case
Packaging	Medium Fry Cartons	Case
Packaging	Burger Boxes	Case
Packaging	Cup Carriers (2)	Case
Packaging	Napkins	Case
Packaging	Wooden Forks	Case
Packaging	Paper Bags Large	Case
Seasonal Items	Pumpkin Spice Syrup	Case
