Freezer	Fries	Fries Straight Cut 4x2.5kg	1	0.14	Fixed	8	24	21.5
Freezer	Beef Patty	Beef Patty 4oz x120	120	0.09	Fixed	4	12	48.0
Freezer	Slider Patty	Beef Slider Patty 2oz x200	200	0.03	Fixed	2	6	39.0
Freezer	Chicken Fillets	Breaded Chicken Fillet x60	60	0.05	Fixed	3	10	44.0
Freezer	Hashbrowns	Hash Brown Triangles 4x2.5kg	4	0.02	Fixed	2	6	19.0
Freezer	Onion Rings	Battered Onion Rings 4x1kg	4	0.015	Fixed	1	4	16.5
Chiller	Shredded Cheese	Mild Cheddar Grated 4x2kg	4	0.02	Fixed	1	4	34.0
Chiller	Cheese Slices	Processed Cheese Slices x200	200	0.06	Fixed	2	6	23.0
Chiller	Bacon	Smoked Streaky Bacon x500	500	0.025	Fixed	1	3	41.0
Chiller	Shredded Lettuce	Iceberg Shredded 4x1kg	4	0.03	Fixed	1	5	12.8
Chiller	Tomatoes	Tomatoes Loose 5kg	1	0.015	Fixed	1	4	9.5
Chiller	Semi-Skimmed Milk Bottles	Semi-Skimmed Milk 2L x6	6	0.01	Fixed	1	3	7.2
Chiller	Fresh Eggs	Free Range Eggs x180	180	0.008	Fixed	1	2	31.0
Chiller	Butter Portions	Butter Portions 7g x100	100	0.004	Fixed	1	2	8.4
Chiller	Salted Butter Block	Salted Butter 10x250g	10	0.002	Fixed	0.5	2	18.0
Chiller	Fruit Pots	Fruit Pot 80g x24	24	0.006	Fixed	1	3	11.6
Chiller	Chives	Chopped Chives 250g	1	0.001	Fixed	1	3	3.2
Dry Store	Burger Buns	Sesame Burger Bun x48	48	0.11	Fixed	6	20	14.5
Dry Store	Wraps	Plain Tortilla Wrap 12in x72	72	0.02	Fixed	1	4	13.0
Dry Store	Fine Table Salt	Fine Table Salt 6x1.5kg	6	0.004	Fixed	1	3	6.9
Dry Store	Ketchup Packets	Tomato Ketchup Sachet x1000	1000	0.015	Fixed	1	3	17.0
Dry Store	Mayonnaise Sachets	Mayonnaise Sachet x500	500	0.008	Fixed	1	3	15.5
Dry Store	Cola Syrup	Cola Syrup Bag-in-Box 10L	1	0.02	Fixed	1	4	62.0
Dry Store	Frying Oil	Rapeseed Frying Oil 20L	1	0.012	Fixed	1	4	34.0
Dry Store	Coffee Beans	Coffee Beans 6x1kg	6	0.004	Fixed	1	2	72.0
Packaging	Medium Fry Cartons	Fry Carton Medium x1000	1000	0.06	Fixed	1	4	27.0
Packaging	Burger Boxes	Clamshell Burger Box x500	500	0.08	Fixed	1	4	33.0
Packaging	Cup Carriers (2)	Two-Cup Carrier Tray x480	480	0.002	Fixed	0.3	2	28.0
Packaging	Napkins	Dispenser Napkins x5000	5000	0.2	Fixed	0.5	3	24.0
Packaging	Wooden Forks	Birchwood Fork x1000	10	0.002	Fixed	1	4	16.0
Packaging	Paper Bags Large	Kraft Takeaway Bag Large x250	250	0.03	Fixed	1	4	21.0
Seasonal Items	Pumpkin Spice Syrup	Pumpkin Spice Syrup 1L	1	0.002	Fixed	1	4	6.5
