Fries Straight Cut 4x2.5kg	Case
Beef Patty 4oz x120	Each
Beef Slider Patty 2oz x200	Each
Breaded Chicken Fillet x60	Each
Hash Brown Triangles 4x2.5kg	KG
Battered Onion Rings 4x1kg	KG
Mild Cheddar Grated 4x2kg	KG
Processed Cheese Slices x200	Slice
Smoked Streaky Bacon x500	Slice
Iceberg Shredded 4x1kg	KG
Tomatoes Loose 5kg	Box
Semi-Skimmed Milk 2L x6	Bottle
Free Range Eggs x180	Each
Butter Portions 7g x100	Each
Salted Butter 10x250g	Each
Fruit Pot 80g x24	Each
Chopped Chives 250g	Tub
Sesame Burger Bun x48	Each
Plain Tortilla Wrap 12in x72	Each
Fine Table Salt 6x1.5kg	Each
Tomato Ketchup Sachet x1000	Each
Mayonnaise Sachet x500	Each
Cola Syrup Bag-in-Box 10L	Box
Rapeseed Frying Oil 20L	Drum
Coffee Beans 6x1kg	KG
Fry Carton Medium x1000	Each
Clamshell Burger Box x500	Each
Two-Cup Carrier Tray x480	Each
Dispenser Napkins x5000	Each
Birchwood Fork x1000	Pack
Kraft Takeaway Bag Large x250	Each
Pumpkin Spice Syrup 1L	Bottle
